text,favorited,favoriteCount,replyToSN,created,truncated,replyToSID,id,replyToUID,statusSource,screenName,retweetCount,isRetweet,retweeted,longitude,latitude
#balancetonporc le mec qui a voulu me suivre jusqu'a chez moi malgr√© mon clair refus et a lach√© l'affaire que quand jai appel√© les flics,FALSE,2,NA,2017-10-15 23:59:13,FALSE,NA,919714308950560775,NA,<a href="http://twitter.com" rel="nofollow">Twitter Web Client</a>,OtherMel,1,FALSE,FALSE,NA,NA
#Balancetonporc. Seule femme au conseil d'administration. Pour ces messieurs, mon pr√©nom Brigitte est Brisebite.....,FALSE,2,NA,2017-10-15 23:59:00,FALSE,NA,919714253006876672,NA,<a href="http://twitter.com" rel="nofollow">Twitter Web Client</a>,ylouna,1,FALSE,FALSE,NA,NA
@Mica_il O.o vous vous √™tes fait harcel√© sexuellement par des fillettes de 11 √† 14 ans?  #BalanceTonPorc,FALSE,2,Mica_il,2017-10-15 23:58:43,FALSE,919708674666455040,919714183326982145,1099476662,<a href="https://about.twitter.com/products/tweetdeck" rel="nofollow">TweetDeck</a>,Ze_M63,1,FALSE,FALSE,NA,NA
M√©tro blind√©. Je sens des doigts s'introduire dans mon intimit√© sous ma jupe. Je me retourne, sci√©e. Foule compacte. Anonyme #balancetonporc,FALSE,2,NA,2017-10-15 23:58:42,FALSE,NA,919714180634099712,NA,<a href="http://twitter.com/download/iphone" rel="nofollow">Twitter for iPhone</a>,KlarAgora,1,FALSE,FALSE,NA,NA
J'ai r√©ussi √† le repousser en criant. J'ai eu tr√®s peur. C'√©tait un adulte qui m'avait attendu aux douches 2/2 #balancetonporc,FALSE,1,NA,2017-10-15 23:58:40,FALSE,NA,919714170504916992,NA,<a href="http://twitter.com/download/iphone" rel="nofollow">Twitter for iPhone</a>,MargauxGandelon,0,FALSE,FALSE,NA,NA
Je suis si d√©sol√© pour toutes celles qui ont eu le courage de t√©moigner avec #balancetonporc , tellement de honte d'√™tre un mec.,FALSE,1,DagyTheFrog,2017-10-15 23:58:12,FALSE,919713494089465856,919714053831909376,299630685,<a href="http://twitter.com" rel="nofollow">Twitter Web Client</a>,DagyTheFrog,0,FALSE,FALSE,NA,NA
Aller dans un parking se faire suivre et emb√™ter par le gardien Se faire coincer dans la cage d escalier R√©ussir √† s enfuir #balancetonporc,FALSE,1,NA,2017-10-15 23:56:59,FALSE,NA,919713745529688064,NA,<a href="http://twitter.com/download/android" rel="nofollow">Twitter for Android</a>,PrecieuxMoments,1,FALSE,FALSE,NA,NA
Essayer de balancer LE plus grave. Mais non, j'attend que la Justice fasse justice #balancetonporc,FALSE,1,NA,2017-10-15 23:56:19,FALSE,NA,919713578357280769,NA,<a href="http://twitter.com/download/iphone" rel="nofollow">Twitter for iPhone</a>,MargauxGandelon,0,FALSE,FALSE,NA,NA
#balancetonporc #Weinstein bouffon   √† cause de toi que certains hommes prend ch√®re sur Twitter #balancetonporc,FALSE,0,NA,2017-10-15 23:56:16,FALSE,NA,919713565111738368,NA,<a href="http://twitter.com/download/iphone" rel="nofollow">Twitter for iPhone</a>,amine95800,0,FALSE,FALSE,NA,NA
Ce mec qui avait r√©pondu √† mon annonce de recherche de travel mate dont je re√ßois SMS et WhatsApp depuis 2 mois...‚Ä¶ https://t.co/qfEXeUtKG2,FALSE,4,NA,2017-10-15 23:55:59,TRUE,NA,919713496450842624,NA,<a href="http://twitter.com/download/iphone" rel="nofollow">Twitter for iPhone</a>,KlarAgora,0,FALSE,FALSE,NA,NA
Pour conclure, le plus malheureux c'est qu'il faille attendre un √©v√©nement pareil pour que le #BalanceTonPorc existe.,FALSE,2,NA,2017-10-15 23:55:42,FALSE,NA,919713425948860418,NA,<a href="http://twitter.com/download/iphone" rel="nofollow">Twitter for iPhone</a>,LeaSantana01,0,FALSE,FALSE,NA,NA
#Kifferlebuzz RT https://t.co/9vFBZG3T51 #balancetonporc #Tpmp https://t.co/y2FGRb5JxM,FALSE,2,NA,2017-10-15 23:55:23,FALSE,NA,919713345233616896,NA,<a href="https://ifttt.com" rel="nofollow">IFTTT</a>,kifferlebuzz,0,FALSE,FALSE,NA,NA
20 ans : un inconnu qui me suit dans la rue parce que je devrais tester avec un mec, que je peux pas vraiment √™tre lesbienne #balancetonporc,FALSE,1,NA,2017-10-15 23:55:23,FALSE,NA,919713344306675717,NA,<a href="http://twitter.com/download/android" rel="nofollow">Twitter for Android</a>,WowInTErEsTinGw,1,FALSE,FALSE,NA,NA
Ils auraient pu √™tre leur p√®res,s'attaquent aux jeunes filles vuln√©rables en leur proposant de l'argent en √©change d sexe la #balancetonporc,FALSE,1,NA,2017-10-15 23:55:04,FALSE,NA,919713265130893313,NA,<a href="http://twitter.com/download/iphone" rel="nofollow">Twitter for iPhone</a>,Lantillaiseal1,0,FALSE,FALSE,NA,NA
@PoliceNationale remettez de L ordre dans se hashtag svp et r√©cup√©rer les t√©moignages  #balancetonporc,FALSE,3,PoliceNationale,2017-10-15 23:54:54,FALSE,NA,919713221744975872,847396122,<a href="http://twitter.com/download/iphone" rel="nofollow">Twitter for iPhone</a>,tarco06,0,FALSE,FALSE,NA,NA
@LettreAudio @AlertesInfos #balancetonporc #Hypocrisie https://t.co/0byhNwkB1t,FALSE,2,LettreAudio,2017-10-15 23:54:53,FALSE,918872353727184898,919713218590896128,189869909,<a href="http://twitter.com/download/android" rel="nofollow">Twitter for Android</a>,JimDamokls2,0,FALSE,FALSE,NA,NA
Chapeau @EricBrunet. Faudrait avouer les autres faits s'il y en a vous concernant. cc @RMCinfo @BFMTV‚Ä¶ https://t.co/1d2gGCGYA9,FALSE,0,NA,2017-10-15 23:54:41,TRUE,NA,919713166979948544,NA,<a href="http://twitter.com/download/iphone" rel="nofollow">Twitter for iPhone</a>,Anto_Rcd,0,FALSE,FALSE,NA,NA
20 ans : Ce mec qui m'a trait√©e de pute dans le m√©tro et m'a lanc√© sa bouteille au visage #balancetonporc,FALSE,1,NA,2017-10-15 23:54:39,FALSE,NA,919713161019904000,NA,<a href="http://twitter.com/download/android" rel="nofollow">Twitter for Android</a>,WowInTErEsTinGw,1,FALSE,FALSE,NA,NA
#Balancetatruie #Weinstein bouffon   √† cause de toi que certains hommes prend ch√®re sur Twitter #balancetonporc,FALSE,0,NA,2017-10-15 23:54:37,FALSE,NA,919713151221944320,NA,<a href="http://twitter.com/download/iphone" rel="nofollow">Twitter for iPhone</a>,amine95800,0,FALSE,FALSE,NA,NA
#food #vegtable #dessert #WFD2017 #agriculture #UNFAO #CFS44 #6hFuji #balancetonporc #E1WE  https://t.co/uer2yruHkk https://t.co/NKOd5vYOet,FALSE,0,NA,2017-10-15 23:54:25,FALSE,NA,919713100739371009,NA,<a href="https://www.SarahColeman.com" rel="nofollow">Sarah Coleman</a>,haugenwilliam1,0,FALSE,FALSE,NA,NA
#balancetonporc #bombelacrymo https://t.co/XTKmLXJwvo,FALSE,0,NA,2017-10-15 23:53:50,FALSE,NA,919712955691929602,NA,<a href="https://mobile.twitter.com" rel="nofollow">Twitter Lite</a>,MissStickk,0,FALSE,FALSE,NA,NA
19 ans : Ce mec qui a profit√© que je sois bourr√©e pour retirer sa capote sans me pr√©venir, et me le dire seulement √† la fin #balancetonporc,FALSE,2,NA,2017-10-15 23:53:44,FALSE,NA,919712930710638592,NA,<a href="http://twitter.com/download/android" rel="nofollow">Twitter for Android</a>,WowInTErEsTinGw,1,FALSE,FALSE,NA,NA
Mon prof de bridge quand j'√©tais en 5√®me qui se mettait derri√®re moi et me massait les √©paules en descendant sur ma poitrine #balancetonporc,FALSE,2,NA,2017-10-15 23:53:08,FALSE,NA,919712778600017921,NA,<a href="http://twitter.com/download/iphone" rel="nofollow">Twitter for iPhone</a>,MargauxGandelon,1,FALSE,FALSE,NA,NA
Bon les filles, apr√®s #BalanceTonPorc  il faudra faire un #BalanceTonMecSympa !! Ì†ΩÌ∏ò,FALSE,3,NA,2017-10-15 23:53:06,FALSE,NA,919712770043629569,NA,<a href="http://twitter.com/download/iphone" rel="nofollow">Twitter for iPhone</a>,Trezeguet_9_20,2,FALSE,FALSE,NA,NA
#balancetonporc @realDonaldTrump you are a pig ! @POTUS https://t.co/vcflvGoKMF,FALSE,53,NA,2017-10-15 23:52:59,FALSE,NA,919712742495399936,NA,<a href="http://twitter.com" rel="nofollow">Twitter Web Client</a>,Antigone_75020,23,FALSE,FALSE,NA,NA
et √† Albert ! est ce qu‚Äôil y en a une qui va lui sortir un #BalanceTonPorc au Prince ?,FALSE,0,Dossard_64,2017-10-15 23:52:13,FALSE,919710534064320513,919712546457780224,60542992,<a href="http://twitter.com/download/iphone" rel="nofollow">Twitter for iPhone</a>,Dossard_64,0,FALSE,FALSE,NA,NA
Une fois j'avais dis √†  une fille que j'aime bien sa coupe de cheveux ;  j'esp√®re qu'elle ne va pas m'afficher Ì†ΩÌ∏ìÌ†ΩÌ∏û #balancetonporc,FALSE,1,NA,2017-10-15 23:51:24,FALSE,NA,919712343126433792,NA,<a href="http://twitter.com/download/android" rel="nofollow">Twitter for Android</a>,TigGilles,0,FALSE,FALSE,NA,NA
17 ans : Cet inconnu qui te harc√®le pour venir chez toi par t√©l√©phone, te fait des avances sexuelles m√™me en l'ayant bloqu√©  #balancetonporc,FALSE,2,NA,2017-10-15 23:51:22,FALSE,NA,919712333576003584,NA,<a href="http://twitter.com/download/android" rel="nofollow">Twitter for Android</a>,WowInTErEsTinGw,0,FALSE,FALSE,NA,NA
Je cherchez plus, on a trouv√© la raclure de bidet du jour.  #balancetonporc https://t.co/4znCNoScut,FALSE,2,NA,2017-10-15 23:51:07,FALSE,NA,919712269960966144,NA,<a href="http://twitter.com/download/android" rel="nofollow">Twitter for Android</a>,Charles_Rsls,2,FALSE,FALSE,NA,NA
La question se pose s√©rieusement pour se prot√©ger contre tous les types de pr√©dateurs #balanceTonPorc #harcelement‚Ä¶ https://t.co/VjVdmegnvk,FALSE,7,NA,2017-10-15 23:51:02,TRUE,NA,919712251786989571,NA,<a href="http://twitter.com/download/iphone" rel="nofollow">Twitter for iPhone</a>,myrtillephoto,0,FALSE,FALSE,NA,NA
14 ans : Cet autre qui voulait danser, mettait son genou entre mes cuisses et passait sa main sous mon t-shirt #balancetonporc,FALSE,1,NA,2017-10-15 23:49:33,FALSE,NA,919711876199698432,NA,<a href="http://twitter.com/download/android" rel="nofollow">Twitter for Android</a>,WowInTErEsTinGw,1,FALSE,FALSE,NA,NA
#balancetonporc en train de dormir bourr√©e, il me viole avec ses doigts. Personne ne dira rien, mon copain de l‚Äô√©poque s‚Äôen foutait,FALSE,2,NA,2017-10-15 23:49:17,FALSE,NA,919711808323227648,NA,<a href="http://twitter.com/download/iphone" rel="nofollow">Twitter for iPhone</a>,NeutralNeutre,1,FALSE,FALSE,NA,NA
14 ans : Ce mec qui m'a emmen√©e √† l'arri√®re de son magasin pour me parler "d'amour" et me demander d'√©carter les jambes #balancetonporc,FALSE,1,NA,2017-10-15 23:49:05,FALSE,NA,919711758473887744,NA,<a href="http://twitter.com/download/android" rel="nofollow">Twitter for Android</a>,WowInTErEsTinGw,1,FALSE,FALSE,NA,NA
le #balancetonporc y'a trop de choses √† dire, vs vs rendez pas compte les gars mais tous les jours on subit des paroles d√©plac√©es d'hommes,FALSE,6,NA,2017-10-15 23:49:04,FALSE,NA,919711753226866689,NA,<a href="http://twitter.com/download/iphone" rel="nofollow">Twitter for iPhone</a>,kloedslv,2,FALSE,FALSE,NA,NA
10 ans : Un cousin, beaucoup plus √¢g√©, qui a d√©cid√© de me montrer comment faire l'amour 
#balancetonporc,FALSE,2,NA,2017-10-15 23:48:55,FALSE,NA,919711715633311746,NA,<a href="http://twitter.com/download/android" rel="nofollow">Twitter for Android</a>,WowInTErEsTinGw,1,FALSE,FALSE,NA,NA
#balancetonporc "Oui des deux mains" 
toutefois, faisons le sans hypocrisiesÌ†ΩÌ∏ÜÌ†ΩÌ∏ÜÌ†ΩÌ∏Ü
#JustSaying,FALSE,1,NA,2017-10-15 23:48:36,FALSE,NA,919711637866729473,NA,<a href="http://twitter.com/download/android" rel="nofollow">Twitter for Android</a>,SamuelSimonis,0,FALSE,FALSE,NA,NA
C‚Äôest fou de ce dire qu‚Äôau 21√®me si√®cle, on puisse vivre des choses comme √ßa, au quotidien. Nos GP avaient du respect, eux. #balancetonporc,FALSE,1,NA,2017-10-15 23:48:24,FALSE,NA,919711588906684416,NA,<a href="http://twitter.com/download/iphone" rel="nofollow">Twitter for iPhone</a>,carolovie,0,FALSE,FALSE,NA,NA
#balancetonporc @MerwaneB https://t.co/7wrnyDCApC,FALSE,0,NA,2017-10-15 23:48:11,FALSE,NA,919711534837915648,NA,<a href="http://twitter.com/download/android" rel="nofollow">Twitter for Android</a>,JeanJean_93,0,FALSE,FALSE,NA,NA
Cauet, steevi,  et hanouna qui parle Q sur des m√©dias ado h24 c est quoi ??? #balancetonporc,FALSE,1,NA,2017-10-15 23:48:06,FALSE,NA,919711513929306112,NA,<a href="http://twitter.com/download/iphone" rel="nofollow">Twitter for iPhone</a>,spladza,2,FALSE,FALSE,NA,NA
Agressions sexuelles : #balancetonporc, "une premi√®re √©tape pour lib√©rer la parole avant l'intervention de la‚Ä¶‚Ä¶ https://t.co/spt9SloBs9,FALSE,0,NA,2017-10-15 23:47:05,TRUE,NA,919711258051469312,NA,<a href="https://dlvrit.com/" rel="nofollow">dlvr.it</a>,FrancoisToup,0,FALSE,FALSE,NA,NA
#MeToo #balancetonporc
Moi aussi!
Stick together and prevail.  Nous vaincrons.,FALSE,1,NA,2017-10-15 23:46:53,FALSE,NA,919711203911278595,NA,<a href="http://twitter.com" rel="nofollow">Twitter Web Client</a>,Nini_Beaux,0,FALSE,FALSE,NA,NA
.@guadeloupe_1ere qui parle du #balancetonporc Ì†ΩÌ±èÌ†ºÌøΩÌ†ΩÌ±èÌ†ºÌøΩÌ†ΩÌ±èÌ†ºÌøΩÌ†ΩÌ±èÌ†ºÌøΩ,FALSE,0,NA,2017-10-15 23:46:33,FALSE,NA,919711123376570369,NA,<a href="http://twitter.com/download/android" rel="nofollow">Twitter for Android</a>,jaj97139,0,FALSE,FALSE,NA,NA
#BalanceTonPorc #balancetonharceleur https://t.co/0IAqAz0qzD,FALSE,1,NA,2017-10-15 23:46:18,FALSE,NA,919711058050408448,NA,<a href="http://twitter.com/download/iphone" rel="nofollow">Twitter for iPhone</a>,sk_l,0,FALSE,FALSE,NA,NA
#healthyfood #cooking #foodsecurity #migration #food #UNFAO #WorldFoodDay #balancetonporc # https://t.co/9vKWwyixn8 https://t.co/ecKhIpzsZo,FALSE,0,NA,2017-10-15 23:46:05,FALSE,NA,919711004631715840,NA,<a href="https://www.AmyWilder.com" rel="nofollow">Amy Wilder</a>,jeffrey78766473,0,FALSE,FALSE,NA,NA
Questions indiscr√®tes, regards d√©plac√©s ou gestes carr√©ment vulgaires : monnaie courante quand tu es serveuse #BalanceTonPorc,FALSE,5,NA,2017-10-15 23:45:19,FALSE,NA,919710809722322944,NA,<a href="http://twitter.com/download/iphone" rel="nofollow">Twitter for iPhone</a>,LaulyLaulette,2,FALSE,FALSE,NA,NA
Preuve qu'intervenir quand une personne se fait harceler peut sauver une vie. Ì†ΩÌ±á #balancetonporc,FALSE,3,NA,2017-10-15 23:45:17,FALSE,NA,919710804940853249,NA,<a href="http://twitter.com/download/android" rel="nofollow">Twitter for Android</a>,selma_bcvc,0,FALSE,FALSE,NA,NA
Les f√©minazies balance leurs haines... #balancetonporc,FALSE,1,NA,2017-10-15 23:44:55,FALSE,NA,919710712473235458,NA,<a href="http://twitter.com/download/android" rel="nofollow">Twitter for Android</a>,StGelaisNicolas,0,FALSE,FALSE,NA,NA
J‚Äôai √©t√© agresser y a 3 ans par un ami de mon copain de l‚Äô√©poque ¬´aller, il parait que tu suce aussi bien qu‚Äôune pute¬†¬ª #balancetonporc,FALSE,2,NA,2017-10-15 23:44:37,FALSE,NA,919710637130952704,NA,<a href="http://twitter.com/download/iphone" rel="nofollow">Twitter for iPhone</a>,carolovie,1,FALSE,FALSE,NA,NA
Quand tu te prends une main aux fesses, te retourne sid√©r√©e, et qu'on te sort "tu devrais √™tre flatt√©e" avec un ricanement #balancetonporc,FALSE,8,NA,2017-10-15 23:44:26,FALSE,NA,919710590607732737,NA,<a href="http://twitter.com" rel="nofollow">Twitter Web Client</a>,RoxaneRosell,1,FALSE,FALSE,NA,NA
#balancetonporc,FALSE,0,NA,2017-10-15 23:44:21,FALSE,NA,919710568000491520,NA,<a href="http://twitter.com/download/android" rel="nofollow">Twitter for Android</a>,MapiMapi92,0,FALSE,FALSE,NA,NA
si les hollandaises s‚Äôy mettent on va avoir droit √† des #balancetonporc d‚Äôamsterdam Ì†ΩÌπÑ,FALSE,2,NA,2017-10-15 23:44:13,FALSE,NA,919710534064320513,NA,<a href="http://twitter.com/download/iphone" rel="nofollow">Twitter for iPhone</a>,Dossard_64,0,FALSE,FALSE,NA,NA
#balancetonporc √† l'international: A  10ans je me baladais √† Rabat avec ma m√®re. Un homme passe en nous mettant une fess√©e √† ttes les 2,FALSE,3,NA,2017-10-15 23:43:23,FALSE,NA,919710324604973057,NA,<a href="http://twitter.com" rel="nofollow">Twitter Web Client</a>,humane_lilo,2,FALSE,FALSE,NA,NA
Qd le co-fondateur du Cabinet o√π tu bosses se r√©jouit de ta prochaine mammoplastie car tu vas "redevenir une 1ere main" #balancetonporc,FALSE,2,NA,2017-10-15 23:43:19,FALSE,NA,919710307022508032,NA,<a href="http://twitter.com/download/android" rel="nofollow">Twitter for Android</a>,Mae_Enola,1,FALSE,FALSE,NA,NA
@jeremstar Moi il √©tait pas prod √ßa c'est pass√© chez les cur√©s dans les toilettes mais pour finir le mec m'a rat√© #balancetonporc,FALSE,3,jeremstar,2017-10-15 23:42:56,FALSE,919615971756822529,919710210935218176,19129949,<a href="http://twitter.com/download/android" rel="nofollow">Twitter for Android</a>,PascalPhotograp,1,FALSE,FALSE,NA,NA
20 ans en 1983, 2 amies , voyage en Italie.Le douanier arr√™te la voiture et plonge sa main dans mon corsage , pourquoi ? #balancetonporc,FALSE,5,NA,2017-10-15 23:42:54,FALSE,NA,919710205331628032,NA,<a href="http://twitter.com/download/iphone" rel="nofollow">Twitter for iPhone</a>,VivianeDriquez,3,FALSE,FALSE,NA,NA
vous √™tes tellement courageuses.. #balancetonporc,FALSE,4,NA,2017-10-15 23:42:35,FALSE,NA,919710124066983936,NA,<a href="http://twitter.com/download/iphone" rel="nofollow">Twitter for iPhone</a>,i_m_summer,1,FALSE,FALSE,NA,NA
#balancetonporc les mecs c'est tous des porcs ! En plus c'est pas hallal ! https://t.co/rlRBF9ZDeW,FALSE,1,NA,2017-10-15 23:42:26,FALSE,NA,919710085919764485,NA,<a href="http://twitter.com/download/android" rel="nofollow">Twitter for Android</a>,keulu123,1,FALSE,FALSE,NA,NA
https://t.co/PKPItvKoy8

 #balancetonporc https://t.co/uYEySvgBgZ,FALSE,0,NA,2017-10-15 23:42:20,FALSE,NA,919710060758159361,NA,<a href="http://twitter.com/download/iphone" rel="nofollow">Twitter for iPhone</a>,c9_efr5qux,0,FALSE,FALSE,NA,NA
The latest The la-nouvelle-temps-ligne Daily! https://t.co/njWC987FQm Thanks to @Fakir_ @LaDameAuChapal @FredericSays #gds #balancetonporc,FALSE,0,NA,2017-10-15 23:41:45,FALSE,NA,919709912976052224,NA,<a href="http://paper.li" rel="nofollow">Paper.li</a>,franpisunship,0,FALSE,FALSE,NA,NA
#balancetonporc se hace viral en  Francia denunciando el acoso sexual en el trabajo. https://t.co/nj0V7L5NtL #Internet #RedesSociales,FALSE,0,NA,2017-10-15 23:41:29,FALSE,NA,919709846378819584,NA,<a href="http://itunes.apple.com/us/app/twitter/id409789998?mt=12" rel="nofollow">Twitter for Mac</a>,soySrRodriguez,1,FALSE,FALSE,NA,NA
Moi stagiaire 22 ans, lui chef service. M'invite √† boire un verre. Essaie de fourrer sa langue dans ma bouche √† la 3e bi√®re #balancetonporc,FALSE,1,NA,2017-10-15 23:41:05,FALSE,NA,919709747988836352,NA,<a href="http://twitter.com/download/android" rel="nofollow">Twitter for Android</a>,eclopine,2,FALSE,FALSE,NA,NA
terrible ? Les flics qui disent ¬´ont peu R faire¬†¬ª 
Elle est traumatis√©e auj. 2/2 #balancetonporc,FALSE,2,carolovie,2017-10-15 23:41:03,FALSE,919709453062156289,919709735926095872,908421140678414338,<a href="http://twitter.com/download/iphone" rel="nofollow">Twitter for iPhone</a>,carolovie,0,FALSE,FALSE,NA,NA
#balancetonporc https://t.co/G99lPBRzPT,FALSE,0,NA,2017-10-15 23:40:40,FALSE,NA,919709642497896448,NA,<a href="http://twitter.com/download/android" rel="nofollow">Twitter for Android</a>,keulu123,1,FALSE,FALSE,NA,NA
J ai 15 ans je marche en campagne.  un vieux sur une mobylette me propose de monter pour de l argent.  #balancetonporc,FALSE,1,NA,2017-10-15 23:40:32,FALSE,NA,919709607433555969,NA,<a href="https://mobile.twitter.com" rel="nofollow">Twitter Lite</a>,zelegdom,1,FALSE,FALSE,NA,NA
‚íà #InterMilan
‚íâ #Tatort
‚íä #nrw17
‚íã #Ireland
‚íå #BalanceTonPorc

2017/10/16 01:37 CEST #trndnl https://t.co/WHwtAM2j31,FALSE,0,NA,2017-10-15 23:40:29,FALSE,NA,919709595991343104,NA,<a href="http://trendinalia.com" rel="nofollow">Trendinalia Switzerland</a>,trendinaliaCH,0,FALSE,FALSE,8.4445,46.813
A 20 ans harcell√©e par un ex, √† 30 ans par mon principal, √† 40 par un √©lu, la cinquantaine sereine #Balancetonporc,FALSE,5,NA,2017-10-15 23:39:59,FALSE,NA,919709470409809920,NA,<a href="http://twitter.com/download/iphone" rel="nofollow">Twitter for iPhone</a>,valeriehugues,2,FALSE,FALSE,NA,NA
J‚Äôai 1 amie qui s‚Äôest fait agresser 2 fois. 1 fois par des migrants et la 2 par un gars ds un bar. Vs savez ce qu‚Äôil y a #balancetonporc 1/2,FALSE,1,NA,2017-10-15 23:39:55,FALSE,NA,919709453062156289,NA,<a href="http://twitter.com/download/iphone" rel="nofollow">Twitter for iPhone</a>,carolovie,1,FALSE,FALSE,NA,NA
#Brunetmetrie #balancetonporc https://t.co/tmU0njEm6o,FALSE,2,NA,2017-10-15 23:39:49,FALSE,NA,919709425815912448,NA,<a href="http://twitter.com" rel="nofollow">Twitter Web Client</a>,Isadiscpol,0,FALSE,FALSE,NA,NA
Mono auto √©cole : fait chaud je t'offre une limonade chez moi. Salon blind√© de films pornos : "alors t'en penses quoi"? #balancetonporc,FALSE,2,NA,2017-10-15 23:39:45,FALSE,NA,919709408824909831,NA,<a href="http://twitter.com/download/android" rel="nofollow">Twitter for Android</a>,eclopine,1,FALSE,FALSE,NA,NA
#balancetonporc https://t.co/HHkPWafVz0,FALSE,1,NA,2017-10-15 23:39:42,FALSE,NA,919709399496712192,NA,<a href="http://twitter.com/download/android" rel="nofollow">Twitter for Android</a>,keulu123,5,FALSE,FALSE,NA,NA
Quand les f√©ministes n'ont pas la moindre √©paisseur et qu'elles se d√©cha√Ænent sur  #balancetonporc je dis #balancetaconnasse,FALSE,1,NA,2017-10-15 23:39:35,FALSE,NA,919709369402515456,NA,<a href="http://twitter.com" rel="nofollow">Twitter Web Client</a>,bonsenspolitik,0,FALSE,FALSE,NA,NA
Je n'ai m√™me pas envie de t√©moigner sur le hashtag #balancetonporc . D√©go√ªt√©e par tous less mecs l'ayant pourri.,FALSE,1,NA,2017-10-15 23:39:30,FALSE,NA,919709346384285696,NA,<a href="http://twitter.com" rel="nofollow">Twitter Web Client</a>,Lia_Kafka,1,FALSE,FALSE,NA,NA
#balancetonporc je rentre tres t√¥t le matin depuis la gare j ai 20 ans. "Salut melle..." en se masturbant.,FALSE,0,NA,2017-10-15 23:38:51,FALSE,NA,919709183934713856,NA,<a href="https://mobile.twitter.com" rel="nofollow">Twitter Lite</a>,zelegdom,0,FALSE,FALSE,NA,NA
@spladza Moi mes meufs elle me font pas chier #balancetonporc https://t.co/ST1pQmxpby,FALSE,0,spladza,2017-10-15 23:38:24,FALSE,919707844114571271,919709069052710912,1869934010,<a href="http://twitter.com/download/android" rel="nofollow">Twitter for Android</a>,keulu123,0,FALSE,FALSE,NA,NA
Johnny halliday, c √©tait la fille de son pote  #balancetonporc le concerne ? Et conh bendit..gamine de 5 piges sa g√®ne personne ?,FALSE,0,NA,2017-10-15 23:38:08,FALSE,NA,919709002405203968,NA,<a href="http://twitter.com/download/iphone" rel="nofollow">Twitter for iPhone</a>,spladza,0,FALSE,FALSE,NA,NA
" arretez de g√©n√©raliser!" mais euh... chacune ( ou chacun m√™me) raconte un moment v√©cu... elle est o√π la g√©n√©ralis‚Ä¶ https://t.co/EVkFk6or8i,FALSE,10,NA,2017-10-15 23:38:03,TRUE,NA,919708981962133504,NA,<a href="http://twitter.com/download/android" rel="nofollow">Twitter for Android</a>,LesLubiesDeRoxy,2,FALSE,FALSE,NA,NA
#balancetonporc C'est pas aux filles qu'il faut apprendre √† se d√©fendre. Ce sont les gar√ßons qu'il faut √©duquer.n‚Äôest ce pas papa et maman?!,FALSE,1,NA,2017-10-15 23:37:31,FALSE,NA,919708848658763776,NA,<a href="http://twitter.com/download/iphone" rel="nofollow">Twitter for iPhone</a>,NoomenMechri,0,FALSE,FALSE,NA,NA
#balancetonporc jrentrais avec ma pote on devait avoir 8 ans et un homme ns suivait depuis la sortie d‚Äô√©cole, c‚Äô√©tait l‚Äô√©t√© on √©tait en,FALSE,3,NA,2017-10-15 23:37:29,FALSE,NA,919708841985572866,NA,<a href="http://twitter.com/download/iphone" rel="nofollow">Twitter for iPhone</a>,bonxsoir,2,FALSE,FALSE,NA,NA
Et tous ces beaux mariages apr√®s un viol et une naissance...
#balancetonporc https://t.co/tDueJfUxZQ,FALSE,0,NA,2017-10-15 23:37:11,FALSE,NA,919708765976518656,NA,<a href="http://twitter.com/download/android" rel="nofollow">Twitter for Android</a>,Manoel00,0,FALSE,FALSE,NA,NA
Je trouve qu'il y a un cas vis√© qui est abusif (dans les limites du raisonnable) celui du„Ääj'aime ta tenue„Äã
Je pose √ßa l√†..
#balancetonporc,FALSE,2,NA,2017-10-15 23:37:02,FALSE,NA,919708728110338048,NA,<a href="http://twitter.com/download/android" rel="nofollow">Twitter for Android</a>,Algane_One,0,FALSE,FALSE,NA,NA
"Si je gagne √† l'Euromillion, j'ach√®te LesecretEnditlong" #balancetonporc,FALSE,0,NA,2017-10-15 23:36:57,FALSE,NA,919708705909825536,NA,<a href="https://mobile.twitter.com" rel="nofollow">Twitter Lite</a>,LesecretEnditlo,0,FALSE,FALSE,NA,NA
D√©sesp√©r√©e par le d√©ni de certains sur #balancetonporc donc je continue: c'est pas un mais des dizaines de porcs qu'on peut balancer,FALSE,4,NA,2017-10-15 23:36:54,FALSE,NA,919708693071003648,NA,<a href="http://twitter.com/download/android" rel="nofollow">Twitter for Android</a>,eclopine,1,FALSE,FALSE,NA,NA
#balancetonporc #Tpmp https://t.co/P8tX7BVwbc,FALSE,1,NA,2017-10-15 23:36:42,FALSE,NA,919708644543008768,NA,<a href="http://twitter.com" rel="nofollow">Twitter Web Client</a>,45Concepts2017,0,FALSE,FALSE,NA,NA
Dimanche soir, regarde #Suffragettes. Sentiment qu'il reste du chemin √† parcourir. Heureusement @AnneCMailfert m'a‚Ä¶ https://t.co/M7XA01cBWS,FALSE,0,NA,2017-10-15 23:36:41,TRUE,NA,919708637940957184,NA,<a href="http://twitter.com/download/android" rel="nofollow">Twitter for Android</a>,mo_bst,0,FALSE,FALSE,NA,NA
#CIV #Abidjan #Monastuce #civ225 #balancetonporc #MeToo https://t.co/4xurZFXk6c,FALSE,1,NA,2017-10-15 23:36:23,FALSE,NA,919708562703699968,NA,<a href="https://about.twitter.com/products/tweetdeck" rel="nofollow">TweetDeck</a>,m_astuce,0,FALSE,FALSE,NA,NA
#balancetonporc je valide !! Faut enfermer les malades !! Mais le leggin ce n est pas une tenue pour sortir de chez soi !,FALSE,2,NA,2017-10-15 23:35:38,FALSE,NA,919708375167979520,NA,<a href="http://twitter.com/download/iphone" rel="nofollow">Twitter for iPhone</a>,spladza,0,FALSE,FALSE,NA,NA
Moi ils veulent me marier de force #balancetonporc https://t.co/Lwox37kQ6o,FALSE,2,NA,2017-10-15 23:35:38,FALSE,NA,919708372462694400,NA,<a href="http://twitter.com/download/android" rel="nofollow">Twitter for Android</a>,keulu123,1,FALSE,FALSE,NA,NA
Je comprends votre indignation les filles.Laissez alors les musulmans ne pas vous serrer la main sans √™tre choqu√©es merci!!! #balancetonporc,FALSE,2,NA,2017-10-15 23:35:37,FALSE,NA,919708369031696384,NA,<a href="http://twitter.com/download/iphone" rel="nofollow">Twitter for iPhone</a>,seysblazevic,1,FALSE,FALSE,NA,NA
Bon sang mais il faut r√©agir cr√©er des associations faut se d√©fendre lutter contre √ßa. A plusieurs tout est possible #balancetonporc,FALSE,2,NA,2017-10-15 23:34:53,FALSE,NA,919708184671080449,NA,<a href="http://twitter.com/#!/download/ipad" rel="nofollow">Twitter for iPad</a>,fobouger,0,FALSE,FALSE,NA,NA
Le plus con?  #balancetonporc,FALSE,3,NA,2017-10-15 23:34:01,FALSE,NA,919707967066460160,NA,<a href="http://twitter.com" rel="nofollow">Twitter Web Client</a>,VotezBart,0,FALSE,FALSE,NA,NA
ROI DES PORCS
Le dr Hazout, d√©nonc√© par 35 patientes, en a probablement agress√©es des milliers
#balancetonporc https://t.co/FnnTrlZdqn,FALSE,0,NA,2017-10-15 23:33:56,FALSE,NA,919707945075650560,NA,<a href="http://twitter.com/download/iphone" rel="nofollow">Twitter for iPhone</a>,misterbien2,1,FALSE,FALSE,NA,NA
#balancetonporc apprenez aux hommes le respect, apprenez aux filles √† se tenir..,FALSE,2,NA,2017-10-15 23:33:32,FALSE,NA,919707844114571271,NA,<a href="http://twitter.com/download/iphone" rel="nofollow">Twitter for iPhone</a>,spladza,0,FALSE,FALSE,NA,NA
C'est parti ! Le hashtag #MeToo, devient le #balancetonporc des USA. https://t.co/o8EhNdmScn,FALSE,7,NA,2017-10-15 23:33:31,FALSE,NA,919707843409915904,NA,<a href="http://twitter.com/download/iphone" rel="nofollow">Twitter for iPhone</a>,Bondamanjak,4,FALSE,FALSE,NA,NA
#BalanceTonPorc #Haiti https://t.co/SbCmuBG4Sd,FALSE,1,NA,2017-10-15 23:33:26,FALSE,NA,919707822752968704,NA,<a href="http://twitter.com/download/iphone" rel="nofollow">Twitter for iPhone</a>,marcalainb,0,FALSE,FALSE,NA,NA
#balancetonporc Sam √† Annalise "That's all you're really good for: dirty, rough sex that I'm too ashamed to tell an‚Ä¶ https://t.co/7pgh67xGnU,FALSE,2,NA,2017-10-15 23:33:22,TRUE,NA,919707804738441218,NA,<a href="http://twitter.com" rel="nofollow">Twitter Web Client</a>,FatenIfreekya,0,FALSE,FALSE,NA,NA
#balancetonporc : si vous ne vous sentez pas offens√©s sur ce #, c'est que vous √™tes des hommes bons, donc no worries.,FALSE,0,NA,2017-10-15 23:32:53,FALSE,NA,919707683120349184,NA,<a href="http://twitter.com/download/android" rel="nofollow">Twitter for Android</a>,retrokyou,0,FALSE,FALSE,NA,NA
Voil√† comment sont trait√©es les femmes...
#Sexiste #ViolencesurFemmes
#BalanceTonPorc   
#BalanceLeBatard‚Ä¶ https://t.co/fhuX9qHNoQ,FALSE,4,NA,2017-10-15 23:32:38,TRUE,NA,919707617940865024,NA,<a href="http://twitter.com/download/android" rel="nofollow">Twitter for Android</a>,jamesdepaname,3,FALSE,FALSE,NA,NA
@PtdArcole @loevaa1 Moi je trouve qu'il a du charme ! #balancetonporc #Balancetatruie https://t.co/RcUJFAFFee,FALSE,2,PtdArcole,2017-10-15 23:32:16,FALSE,919558415311044609,919707528107384834,525733281,<a href="http://twitter.com/download/android" rel="nofollow">Twitter for Android</a>,keulu123,0,FALSE,FALSE,NA,NA
#balancetonporc Candeloro dans DALS saison 2 qui embrasse la pr√©sentatrice sans consentement... Si peu de buzz qu'il y a m√™me pas de photo,FALSE,1,NA,2017-10-15 23:31:27,FALSE,NA,919707319994408960,NA,<a href="http://twitter.com/download/android" rel="nofollow">Twitter for Android</a>,MystereCosmique,1,FALSE,FALSE,NA,NA
#balancetonporc les personnes qui t√©moignent sont vraiment courageux, il faut avoir une sacr√© paire pour l‚Äô√©crire sur Twitter, bravo,FALSE,5,NA,2017-10-15 23:31:09,FALSE,NA,919707246346555392,NA,<a href="http://twitter.com/download/iphone" rel="nofollow">Twitter for iPhone</a>,manevswild,0,FALSE,FALSE,NA,NA
#balancetonporc Avant l'affaire Weinstein un sourire bien appuy√© suffisait pour percer dans le show-biz, d√©sormais il faudra √™tre dou√©(e).,FALSE,1,NA,2017-10-15 23:31:05,FALSE,NA,919707230747942912,NA,<a href="http://twitter.com" rel="nofollow">Twitter Web Client</a>,BonSensSVP,0,FALSE,FALSE,NA,NA
Il me coince et demande une "g√¢terie". Je reussi √† partir. Ds le r√©tro de ma voiture je le vois se masturber sur le parking. #BalanceTonPorc,FALSE,4,NA,2017-10-15 23:30:41,FALSE,NA,919707128172109824,NA,<a href="http://twitter.com/#!/download/ipad" rel="nofollow">Twitter for iPad</a>,ClaireForet,2,FALSE,FALSE,NA,NA
#balancetonporc celui qui m'a fix√© pdt + de 20min de trajet en bus et qui qd je suis sortie m'a mis sa main au cul et dit "t'es bonne toi",FALSE,4,NA,2017-10-15 23:30:27,FALSE,NA,919707069820882944,NA,<a href="http://twitter.com/download/android" rel="nofollow">Twitter for Android</a>,_emmk_,1,FALSE,FALSE,NA,NA
@PtdArcole @loevaa1 #balancetonporc  #Balancetatruie https://t.co/QvewACqrZq,FALSE,4,PtdArcole,2017-10-15 23:30:26,FALSE,919558415311044609,919707067660808192,525733281,<a href="http://twitter.com/download/android" rel="nofollow">Twitter for Android</a>,keulu123,2,FALSE,FALSE,NA,NA
#balancetonporc #MeToo,FALSE,1,NA,2017-10-15 23:30:26,FALSE,NA,919707066725527553,NA,<a href="http://twitter.com" rel="nofollow">Twitter Web Client</a>,selene_vk,0,FALSE,FALSE,NA,NA
J'aimerai moi aussi #balancetonporc . Mais j'sens que ce n'est pas le bon moment. Ce le sera jamais. J'ai honte de porter cet h√©ritage.,FALSE,0,NA,2017-10-15 23:29:04,FALSE,NA,919706721848881154,NA,<a href="http://twitter.com" rel="nofollow">Twitter Web Client</a>,DagyTheFrog,0,FALSE,FALSE,NA,NA
@bleu_coton "Je suis un gar√ßon (...) une histoire qui m'a bien trop marqu√©e "
Faudrait savoir !
Transgenre peut-√™tre ?
 #balancetonporc,FALSE,0,bleu_coton,2017-10-15 23:28:31,FALSE,919530860818386944,919706583931785216,4338054443,<a href="http://twitter.com" rel="nofollow">Twitter Web Client</a>,ChristLedieu,0,FALSE,FALSE,NA,NA
#balanceTonPorc youpi √ßa va √™tre comme au √©tat unis des plainte a tout va, les acteur de la rue vont ce metre en sc√®nes et g√¢ch√©e la realite,FALSE,0,NA,2017-10-15 23:28:17,FALSE,NA,919706526415310858,NA,<a href="http://twitter.com/download/android" rel="nofollow">Twitter for Android</a>,Ruru63344838,0,FALSE,FALSE,NA,NA
https://t.co/FnuDQ9tBe4 #SundayMorning #MIAvsATL #RIZIN #Mogadishu #Mersal #Keep_Mwave_EXOL #FinsUp #Alabama500 #balancetonporc #GoPats,FALSE,1,NA,2017-10-15 23:27:40,FALSE,NA,919706370059972608,NA,<a href="http://twitter.com/download/iphone" rel="nofollow">Twitter for iPhone</a>,YoungbuzzEnt,1,FALSE,FALSE,NA,NA
#balancetonporc √† lire les nombreux t√©moignages tristes... pourquoi les femmes sont elles autant attir√©es par des cassos visibles √† 2km?,FALSE,3,NA,2017-10-15 23:27:05,FALSE,NA,919706222806425600,NA,<a href="http://twitter.com" rel="nofollow">Twitter Web Client</a>,maxscriptt,0,FALSE,FALSE,NA,NA
@rainbowcapucine #balancetonporcespagne #balancetonporc il m'a menti pour m'entra√Æner dans un pi√®ge,drogu√©e et viol‚Ä¶ https://t.co/VLkuVgA1iY,FALSE,1,rainbowcapucine,2017-10-15 23:27:04,TRUE,919703281663860736,919706216934363139,955908223,<a href="https://mobile.twitter.com" rel="nofollow">Twitter Lite</a>,LesecretEnditlo,0,FALSE,FALSE,NA,NA
Mon chien vient de p√©ter.  #balancetonporc,FALSE,0,NA,2017-10-15 23:27:00,FALSE,NA,919706203642630145,NA,<a href="http://twitter.com/download/iphone" rel="nofollow">Twitter for iPhone</a>,loumtiti_,0,FALSE,FALSE,NA,NA
17 ans. Dans la caisse d'un "pote" chuis l√©g√®rement ivre. Je repose ma t√™te sur ses genoux. Il me caresse les nibards.   #balancetonporc,FALSE,3,NA,2017-10-15 23:26:38,FALSE,NA,919706111154024448,NA,<a href="http://twitter.com/download/android" rel="nofollow">Twitter for Android</a>,PetitToucan,2,FALSE,FALSE,NA,NA
Ce post risque de devenir "historique " dans le #balancetonporc https://t.co/5KOFXOYcgY,FALSE,1,NA,2017-10-15 23:26:20,FALSE,NA,919706036117954560,NA,<a href="http://twitter.com" rel="nofollow">Twitter Web Client</a>,hamid_hams,0,FALSE,FALSE,NA,NA
Le plus gentil des porcs by @FDJ  Ì†ΩÌ∏Ç Force √† toutes celle qui t√©moignent #Balancetonporc https://t.co/9JLAFBUp8a,FALSE,2,NA,2017-10-15 23:26:19,FALSE,NA,919706031252439041,NA,<a href="http://twitter.com" rel="nofollow">Twitter Web Client</a>,DjamelBabouche,0,FALSE,FALSE,NA,NA
Ma grand-m√®re m'a racont√© qu'elle a faillis se faire violer 3 fois dans sa vie dont deux fois par deux de ses oncles #balancetonporc,FALSE,1,NA,2017-10-15 23:26:14,FALSE,NA,919706009899274241,NA,<a href="http://twitter.com" rel="nofollow">Twitter Web Client</a>,YoungAnd_Sweet,0,FALSE,FALSE,NA,NA
#balancetonporc messieurs les agresseurs, merci!
Grace √† vous je suis fier d'√™tre un hommeÌ†ΩÌ∏ä 
#sarcasme,FALSE,2,NA,2017-10-15 23:26:06,FALSE,NA,919705975938060288,NA,<a href="http://twitter.com/download/android" rel="nofollow">Twitter for Android</a>,loic_simeon,0,FALSE,FALSE,NA,NA
#food #WFD2017 #foodsecurity #WorldFoodDay #6hFuji #balancetonporc #MotoGP #DALS #DFCOPSG # https://t.co/zDImE0YA9h https://t.co/R4NFoqRBO6,FALSE,0,NA,2017-10-15 23:26:05,FALSE,NA,919705972557467648,NA,<a href="https://www.AmyWilder.com" rel="nofollow">Amy Wilder</a>,jeffrey78766473,0,FALSE,FALSE,NA,NA
#balancetonporc quand tu va √† berlin avec des amies et tu te dis que c'est mieux que paris parce qu'ici on te mate mais on te touche pas,FALSE,3,NA,2017-10-15 23:25:59,FALSE,NA,919705946376622081,NA,<a href="http://twitter.com/download/android" rel="nofollow">Twitter for Android</a>,MystereCosmique,1,FALSE,FALSE,NA,NA
Au mec qui m'a touch√© la chatte en boite et fait comme si c'√©tait normal,que j'ai jet√©,et qui y est revenu 2 fois #balancetonporc,FALSE,2,NA,2017-10-15 23:25:44,FALSE,NA,919705882296029184,NA,<a href="http://twitter.com/download/iphone" rel="nofollow">Twitter for iPhone</a>,juu_rx,1,FALSE,FALSE,NA,NA
#balancetonporc 
D√©j√† laisse moi le temps de retrouver les 3 petits cochons apr√®s on en reparle (),FALSE,1,NA,2017-10-15 23:25:43,FALSE,NA,919705877455794176,NA,<a href="http://twitter.com/download/android" rel="nofollow">Twitter for Android</a>,BabyChoose1,0,FALSE,FALSE,NA,NA
2010, 2nd, cours d'histoire/g√©o, bavardage, craie dans le soutien gorge, "vous l'avez bien m√©rit√©". #balancetonporc,FALSE,3,NA,2017-10-15 23:25:34,FALSE,NA,919705839094652928,NA,<a href="http://twitter.com/download/android" rel="nofollow">Twitter for Android</a>,margotloustau,0,FALSE,FALSE,NA,NA
#balancetonporc, j'ai pas tweeter mais j'ai cr√©e un compte pcq c pas que sur tweeter, c'est chez nos potes, √©coles,‚Ä¶ https://t.co/MgveL8D0r8,FALSE,1,NA,2017-10-15 23:25:22,TRUE,NA,919705789375315968,NA,<a href="http://twitter.com" rel="nofollow">Twitter Web Client</a>,humane_lilo,0,FALSE,FALSE,NA,NA
#BalanceTonPorc quand de jeunes coll√®gues disent que les filles apr√®s 30 ans "c'est laid et plein de rides" devant toi et 1 amie de 33 ans,FALSE,1,NA,2017-10-15 23:25:15,FALSE,NA,919705762942857216,NA,<a href="http://twitter.com/download/iphone" rel="nofollow">Twitter for iPhone</a>,SWargnier,0,FALSE,FALSE,NA,NA
Les cons qui me suivent le soir (d√®s 20h) et qui sont capables de se garer sur le trottoir d'une rue vide pcq j'r√©ponds pas #balancetonporc,FALSE,10,NA,2017-10-15 23:25:01,FALSE,NA,919705703379623937,NA,<a href="https://mobile.twitter.com" rel="nofollow">Twitter Lite</a>,iambooksexual,1,FALSE,FALSE,NA,NA
D√©n√©gation suite : quel courage ! Mais il s'est d√©voil√©. Bravo pour tes qq tweets @hamzadu94! Mais les filles, plan‚Ä¶ https://t.co/wSF8EXDfv4,FALSE,0,NA,2017-10-15 23:24:33,TRUE,NA,919705586207510528,NA,<a href="http://twitter.com/#!/download/ipad" rel="nofollow">Twitter for iPad</a>,bbejean,0,FALSE,FALSE,NA,NA
en France c'est #balancetonporc 
Au USA c'est #MeToo https://t.co/GVdZM7woYT,FALSE,1,NA,2017-10-15 23:23:33,FALSE,NA,919705332133359617,NA,<a href="http://twitter.com/download/android" rel="nofollow">Twitter for Android</a>,chantalrebelle2,2,FALSE,FALSE,NA,NA
@aymeCbien T'as oubli√© le #balancetonporc,FALSE,0,aymeCbien,2017-10-15 23:23:24,FALSE,919704690891350016,919705293956702208,822170827869351937,<a href="http://twitter.com/download/android" rel="nofollow">Twitter for Android</a>,HatimLRB,0,FALSE,FALSE,NA,NA
6-j‚Äôai mis 2 ans √† sortir de cette relation toxique , sur la base de manipulation et de peur que tous le monde le sache. #balancetonporc,FALSE,0,NA,2017-10-15 23:23:23,FALSE,NA,919705291977043968,NA,<a href="http://twitter.com/download/iphone" rel="nofollow">Twitter for iPhone</a>,encredemesmots,0,FALSE,FALSE,NA,NA
"BalanceTonPorc Le hashtag pour d√©noncer le harc√®lement sexuel #balancetonporc"¬†: https://t.co/bpslIeLMjQ via @YouTube,FALSE,1,NA,2017-10-15 23:23:22,FALSE,NA,919705288588087297,NA,<a href="http://www.google.com/" rel="nofollow">Google</a>,Vnowyt,0,FALSE,FALSE,NA,NA
@RomainAkakpovi The best depraved girls are waiting for you https://t.co/KhrAOwNaGO
 #balancetonporc https://t.co/BiVE4mo121,FALSE,0,RomainAkakpovi,2017-10-15 23:23:18,FALSE,NA,919705272679006208,801006686198788097,<a href="http://twitter.com" rel="nofollow">Twitter Web Client</a>,tosugishikishik,0,FALSE,FALSE,NA,NA
Je suis pote avec Prosper de Nice people √ßa te tente un plan √† trois (festival de Cannes 1997) @Cyrilhanouna #balancetonporc,FALSE,2,NA,2017-10-15 23:23:11,FALSE,NA,919705241456726021,NA,<a href="http://twitter.com/download/iphone" rel="nofollow">Twitter for iPhone</a>,NassTheNomad,1,FALSE,FALSE,NA,NA
#BalanceTonPorc Qd tu es stagiaire et que ton chef fait des blagues au tel √† 1 de ses potes en disant que ds son bureau y'a "que des thons",FALSE,1,NA,2017-10-15 23:23:11,FALSE,NA,919705240416456705,NA,<a href="http://twitter.com/download/iphone" rel="nofollow">Twitter for iPhone</a>,SWargnier,1,FALSE,FALSE,NA,NA
Un mec de 50 piges qui a encha√Æn√© les gestes/bruits obsc√®nes et s'est permis de me toucher dans un bar "pcq'il √©tait bourr√©" #balancetonporc,FALSE,1,NA,2017-10-15 23:22:49,FALSE,NA,919705148292784129,NA,<a href="https://mobile.twitter.com" rel="nofollow">Twitter Lite</a>,iambooksexual,0,FALSE,FALSE,NA,NA
Parcourir #balancetonporc, c‚Äôest un prendre un billet gratuit pour Naus√©eville.,FALSE,30,NA,2017-10-15 23:22:48,FALSE,NA,919705145142861824,NA,<a href="http://tapbots.com/tweetbot" rel="nofollow">Tweetbot for iŒüS</a>,LamHua,4,FALSE,FALSE,NA,NA
#balancetonporc Dans le show-biz comme ailleurs un joli sourire permet d'ouvrir des portes inaccessibles. Ne soyons pas na√Øfs...,FALSE,1,NA,2017-10-15 23:21:51,FALSE,NA,919704906159869954,NA,<a href="http://twitter.com" rel="nofollow">Twitter Web Client</a>,BonSensSVP,0,FALSE,FALSE,NA,NA
5- J‚Äôai pas bu un verre mais des verres. J‚Äôai finis dans son lit. Il me manipulait et lors que j‚Äô√©tais na√Øve #balancetonporc,FALSE,0,NA,2017-10-15 23:21:43,FALSE,NA,919704872269860864,NA,<a href="http://twitter.com/download/iphone" rel="nofollow">Twitter for iPhone</a>,encredemesmots,0,FALSE,FALSE,NA,NA
The latest L'actualit√© en chiffres! https://t.co/tTsyd42tzO Thanks to @Nissone #repost #balancetonporc,FALSE,0,NA,2017-10-15 23:21:42,FALSE,NA,919704867601600514,NA,<a href="http://paper.li" rel="nofollow">Paper.li</a>,actuchiffres,0,FALSE,FALSE,NA,NA
#BalanceTonPorc : quand les femmes d√©noncent le harc√®lement sexuel au travail https://t.co/Kq4Lx7Tr67 via @planet_fr,FALSE,0,NA,2017-10-15 23:21:31,FALSE,NA,919704821791309824,NA,<a href="http://twitter.com" rel="nofollow">Twitter Web Client</a>,Esprit10Libre,1,FALSE,FALSE,NA,NA
#balancetasalope cette fille dont j‚Äô√©tais le fanstasme qui voulai que je la baise sans quoi elle allait tout dire √† ma femme #balancetonporc,FALSE,2,NA,2017-10-15 23:21:27,FALSE,NA,919704803084767232,NA,<a href="http://twitter.com/download/iphone" rel="nofollow">Twitter for iPhone</a>,ZizouFekir,0,FALSE,FALSE,NA,NA
#balancetonporc Ado qd j'allais √† la piscine avec une copine, des "jeunes" passaient sous l'eau entre nos jambes. On a cess√© d'y aller.,FALSE,1,NA,2017-10-15 23:21:04,FALSE,NA,919704708268396544,NA,<a href="http://twitter.com/download/iphone" rel="nofollow">Twitter for iPhone</a>,SWargnier,0,FALSE,FALSE,NA,NA
Le hashtag #balancetonporc https://t.co/lz69pyNVj0 https://t.co/cVKdo4JAhY,FALSE,0,NA,2017-10-15 23:20:55,FALSE,NA,919704672650149888,NA,<a href="http://publicize.wp.com/" rel="nofollow">WordPress.com</a>,m_astuce,0,FALSE,FALSE,NA,NA
Avec le #balancetonporc j'ai appris que:
- aller en boite quand on est une femme c'est forcement pour pecho puisqu'‚Ä¶ https://t.co/zfLugZd6b6,FALSE,16,NA,2017-10-15 23:20:39,TRUE,NA,919704602139942912,NA,<a href="http://twitter.com/download/android" rel="nofollow">Twitter for Android</a>,LesLubiesDeRoxy,4,FALSE,FALSE,NA,NA
‚íà #InterMilan
‚íâ #Tatort
‚íä #nrw17
‚íã #Ireland
‚íå #BalanceTonPorc

2017/10/16 01:12 CEST #trndnl https://t.co/WHwtAM2j31,FALSE,0,NA,2017-10-15 23:20:33,FALSE,NA,919704578932727809,NA,<a href="http://trendinalia.com" rel="nofollow">Trendinalia Switzerland</a>,trendinaliaCH,0,FALSE,FALSE,8.4445,46.813
4- une semaine + tard,un d√©c√®s chez moi,je suis faible et aneantie. Il me conseille encore +,on sort alors boire un verre #balancetonporc,FALSE,0,NA,2017-10-15 23:20:27,FALSE,NA,919704553897037830,NA,<a href="http://twitter.com/download/iphone" rel="nofollow">Twitter for iPhone</a>,encredemesmots,0,FALSE,FALSE,NA,NA
Je pourrais jamais vous avez un vrai courage pour le dire franchement... #balancetonporc,FALSE,1,NA,2017-10-15 23:20:10,FALSE,NA,919704483654971392,NA,<a href="http://twitter.com/download/iphone" rel="nofollow">Twitter for iPhone</a>,Nmkz__,0,FALSE,FALSE,NA,NA
#balancetonporc https://t.co/lTNAfadXJa,FALSE,0,NA,2017-10-15 23:20:10,FALSE,NA,919704483428536320,NA,<a href="http://twitter.com/download/android" rel="nofollow">Twitter for Android</a>,Eltucos,0,FALSE,FALSE,NA,NA
Ce truc para√Æt int√©ressant mais rien de tout √ßa n'est emb√™tant !!! #balancetonporc,FALSE,0,NA,2017-10-15 23:20:03,FALSE,NA,919704453078573056,NA,<a href="https://mobile.twitter.com" rel="nofollow">Twitter Lite</a>,komenan67,0,FALSE,FALSE,NA,NA
#balancetasalope employ√©e qui propose une relation sexuelle pour un poste vacant dans l‚Äôentreprise (je suis son sup√©rieur) #balancetonporc,FALSE,1,NA,2017-10-15 23:20:00,FALSE,NA,919704438792736769,NA,<a href="http://twitter.com/download/iphone" rel="nofollow">Twitter for iPhone</a>,ZizouFekir,0,FALSE,FALSE,NA,NA
#balancetonporc en avril sur Twitter un mec m'envoyait des messages salaces ainsi que des photos alors que l'ai suppli√© d'arr√™ter...,FALSE,0,NA,2017-10-15 23:19:59,FALSE,NA,919704434485157888,NA,<a href="http://twitter.com/download/android" rel="nofollow">Twitter for Android</a>,meryeva1,0,FALSE,FALSE,NA,NA
https://t.co/Bh6lvwY7Wi  ŸÖÿ±ÿß ŸÖÿ±ÿπÿ®Ÿá ŸáŸáŸáŸá #balancetonporc #Macron #Ï±ÑÏÜåÌò∏Î∂àÌò∏ #SundayMorning #DerbyDellaMadoninna #horror  #fany #ÿÆŸÑ€åÿ¨_ŸÅÿßÿ±ÿ≥,FALSE,0,NA,2017-10-15 23:19:53,FALSE,NA,919704410435014656,NA,<a href="http://twitter.com/download/android" rel="nofollow">Twitter for Android</a>,mehdi_ziko11,0,FALSE,FALSE,NA,NA
#balancetonporc  Tenez . https://t.co/VKzXqL3Mzt,FALSE,1,NA,2017-10-15 23:19:42,FALSE,NA,919704365316767744,NA,<a href="http://twitter.com/download/android" rel="nofollow">Twitter for Android</a>,NamisKoming,6,FALSE,FALSE,NA,NA
Quand un homme tente de t'expliquer que s'il force sa femme √† coucher avec lui c'est normal et qu'elle a rien √† dire #balancetonporc,FALSE,4,NA,2017-10-15 23:19:40,FALSE,NA,919704356563423233,NA,<a href="http://twitter.com/download/iphone" rel="nofollow">Twitter for iPhone</a>,NassTheNomad,1,FALSE,FALSE,NA,NA
#balancetonporc 
Voil√† ce qui m'est arriv√©, depuis je d√©teste encore plus les caf√©s et les r√©actions de ma grand m√®‚Ä¶ https://t.co/S3yoMwUz5b,FALSE,1,NA,2017-10-15 23:19:36,TRUE,NA,919704340738248704,NA,<a href="http://twitter.com/download/android" rel="nofollow">Twitter for Android</a>,Rouxpowaaaaaaa,1,FALSE,FALSE,NA,NA
Et des viols, j'en connais tellement que √ßa donne le tournis; et des p√®res, oncles, grand-p√®res incestueux tr√®s souvent #balancetonporc,FALSE,1,NA,2017-10-15 23:19:19,FALSE,NA,919704267056848896,NA,<a href="https://mobile.twitter.com" rel="nofollow">Twitter Lite</a>,rainbowcapucine,0,FALSE,FALSE,NA,NA
#BalanceTonPorc
SPECIAL #TEAM228,FALSE,0,NA,2017-10-15 23:19:09,FALSE,NA,919704227034882050,NA,<a href="https://t.me/TweetItBot" rel="nofollow">TweetItBot</a>,elkwaet,1,FALSE,FALSE,NA,NA
"La vengeance est un plat qui se mange froid"....Extremely well done @RonanFarrow #Weinstein #WoodyAllen #metoo #balancetonporc,FALSE,1,NA,2017-10-15 23:18:37,FALSE,NA,919704092854845440,NA,<a href="http://twitter.com/download/iphone" rel="nofollow">Twitter for iPhone</a>,stephanecdm,0,FALSE,FALSE,NA,NA
#balancetonporc quand @DStrauss_Kahn  #DSK conseille #Weinstein @HarveyWeinstein https://t.co/aIXJ5GksJs,FALSE,3,NA,2017-10-15 23:18:32,FALSE,NA,919704071593955328,NA,<a href="http://twitter.com" rel="nofollow">Twitter Web Client</a>,Antigone_75020,3,FALSE,FALSE,NA,NA
Je crois que le #Brunetmetrie va faire des bonds cette semaine ... 
des bonds digne des " bottes de 7 lieues " ...‚Ä¶ https://t.co/s2jDJYLwru,FALSE,0,NA,2017-10-15 23:18:30,TRUE,NA,919704061741535232,NA,<a href="http://twitter.com" rel="nofollow">Twitter Web Client</a>,hamid_hams,0,FALSE,FALSE,NA,NA
@assblagues #balancetonporc ou comment r√©duire √† n√©ant la vie d'une personne potentiellement innocente.Et la pr√©som‚Ä¶ https://t.co/dEFnwSIl45,FALSE,5,assblagues,2017-10-15 23:18:26,TRUE,919559635073462277,919704045404737536,769226481696403457,<a href="http://twitter.com/download/android" rel="nofollow">Twitter for Android</a>,YourMisterRipla,0,FALSE,FALSE,NA,NA
#balancetonporc @YSL &amp; @pvgberge avec des petits marocains #TourismeSexuel mais chut c'est tabou Ì†æÌ¥ê@lemondefr,FALSE,1,NA,2017-10-15 23:18:15,FALSE,NA,919703998487199744,NA,<a href="http://twitter.com/download/iphone" rel="nofollow">Twitter for iPhone</a>,DomiAmbrogi,0,FALSE,FALSE,NA,NA
Californie Resto g√©rant fran√ßais plaisante gros concombre en main  je me plaint leur avocat m'ATTAQUE! #balancetonporc,FALSE,2,NA,2017-10-15 23:18:02,FALSE,NA,919703946259611648,NA,<a href="http://twitter.com/download/iphone" rel="nofollow">Twitter for iPhone</a>,AngeVuillemin,0,FALSE,FALSE,NA,NA
Il est bien le #balancetonporc. mais je  peux vous dire qu'il y a presque autant de "porcs" femmes que hommes dans le monde du travail,FALSE,1,NA,2017-10-15 23:18:02,FALSE,NA,919703945198669824,NA,<a href="http://twitter.com/download/android" rel="nofollow">Twitter for Android</a>,Jerome38s,1,FALSE,FALSE,NA,NA
#Weinstein bouffon   √† cause de toi nous les hommes on prend ch√®re sur Twitter #balancetonporc,FALSE,0,NA,2017-10-15 23:17:51,FALSE,NA,919703898516066305,NA,<a href="http://twitter.com/download/iphone" rel="nofollow">Twitter for iPhone</a>,amine95800,0,FALSE,FALSE,NA,NA
Je n'ai point compris l'utilit√© de ce hashtag #balancetonporc Twitter me d√©boussole https://t.co/a9Rjy3skeJ,FALSE,0,NA,2017-10-15 23:17:40,FALSE,NA,919703853653790720,NA,<a href="http://twitter.com/download/android" rel="nofollow">Twitter for Android</a>,simon_chabout,0,FALSE,FALSE,NA,NA
@fandeseriesx100 Mariage ou pas, une relation sexuelle non voulue est un viol.
#balancetonporc,FALSE,1,fandeseriesx100,2017-10-15 23:17:11,FALSE,919702085804969989,919703729544355840,719957078211764229,<a href="http://twitter.com" rel="nofollow">Twitter Web Client</a>,HassanSiyef,1,FALSE,FALSE,NA,NA
3- un jour seul a la cafet, il m‚Äôa dit qu‚Äôil me plaquerait bien au mur,que j‚Äôavais un beau cul,que j‚Äô√©tais jolie #balancetonporc,FALSE,0,NA,2017-10-15 23:16:33,FALSE,NA,919703572606005248,NA,<a href="http://twitter.com/download/iphone" rel="nofollow">Twitter for iPhone</a>,encredemesmots,0,FALSE,FALSE,NA,NA
#balancetonporc pile au moment o√π j'me fais vraiment agress√© sexuellement dans la rue le hashtag sort. Mon ravisseur n'est pas seul,FALSE,0,NA,2017-10-15 23:16:18,FALSE,NA,919703510765228033,NA,<a href="http://twitter.com/download/iphone" rel="nofollow">Twitter for iPhone</a>,UnjinKim,0,FALSE,FALSE,NA,NA
on atteint des sommets de vulgarit√© et de connerie sexistes, l√† #balancetonporc https://t.co/w4hd44Vm8c,FALSE,2,NA,2017-10-15 23:16:03,FALSE,NA,919703447187881984,NA,<a href="http://twitter.com/download/iphone" rel="nofollow">Twitter for iPhone</a>,SWargnier,0,FALSE,FALSE,NA,NA
Ca donne envie de vomir ce qu'on apprend avec #balancetonporc,FALSE,2,NA,2017-10-15 23:15:35,FALSE,NA,919703327356616704,NA,<a href="http://twitter.com/download/android" rel="nofollow">Twitter for Android</a>,OrianeGimberini,2,FALSE,FALSE,NA,NA
2- On discutait bien, on rigolait bien comme avec tt ls autres. Il √©tait gentil, me conseilllait beaucoup,comme un gd fr√®re  #balancetonporc,FALSE,0,NA,2017-10-15 23:15:30,FALSE,NA,919703306431320064,NA,<a href="http://twitter.com/download/iphone" rel="nofollow">Twitter for iPhone</a>,encredemesmots,0,FALSE,FALSE,NA,NA
#balancetonporc Mon prof d‚Äôuniversit√©,connu,sp√©cialiste Islam&amp;terrorisme,s‚Äôest jet√© sur moi pr m‚Äôembrasser.Continue √† le faire sur d‚Äôautres!,FALSE,2,NA,2017-10-15 23:15:26,FALSE,NA,919703291143081984,NA,<a href="http://twitter.com/download/iphone" rel="nofollow">Twitter for iPhone</a>,RosaTourrot,1,FALSE,FALSE,NA,NA
Le mec qui te mets une main au cul en Espagne et les passants qui rigolent #balancetonporc,FALSE,1,NA,2017-10-15 23:15:24,FALSE,NA,919703281663860736,NA,<a href="https://mobile.twitter.com" rel="nofollow">Twitter Lite</a>,rainbowcapucine,0,FALSE,FALSE,NA,NA
Je pense √† tous les connards qui m'ont attouch√© dans la rue depuis mes 12 ans, et aux hommes qui n'ont jamais r√©agi #balancetonporc,FALSE,7,NA,2017-10-15 23:15:18,FALSE,NA,919703255424356354,NA,<a href="https://mobile.twitter.com" rel="nofollow">Twitter Lite</a>,iambooksexual,0,FALSE,FALSE,NA,NA
#balancetonporc Pour se d√©barrasser de quelqu'un n'importe quel pr√©texte m√™me fallacieux fonctionne. Le type de pr√©texte d√©pend de l'√©poque,FALSE,0,NA,2017-10-15 23:14:45,FALSE,NA,919703118006407169,NA,<a href="http://twitter.com" rel="nofollow">Twitter Web Client</a>,BonSensSVP,0,FALSE,FALSE,NA,NA
Merci aux porcs qui se balancent eux-m√™mes publiquement #balancetonporc,FALSE,4,NA,2017-10-15 23:14:42,FALSE,NA,919703106635608064,NA,<a href="http://twitter.com/download/iphone" rel="nofollow">Twitter for iPhone</a>,myrtillephoto,1,FALSE,FALSE,NA,NA
Merci de partager svp #balancetonporc https://t.co/Gur8TE0Xfs,FALSE,3,NA,2017-10-15 23:14:39,FALSE,NA,919703093801111553,NA,<a href="http://twitter.com/download/iphone" rel="nofollow">Twitter for iPhone</a>,hugo_fnr,7,FALSE,FALSE,NA,NA
Le prof de sport du Lyc√©e qui mettait des mains au cul des nanas et une bonne note si elles portent un string.

#balancetonporc,FALSE,6,NA,2017-10-15 23:14:23,FALSE,NA,919703027573026816,NA,<a href="http://twitter.com/download/android" rel="nofollow">Twitter for Android</a>,candraznon,0,FALSE,FALSE,NA,NA
Le vieux prof de droit a la Sorbonne qui te demande de ramasser son stylo, quand tu es seule dans son bureau #balancetonporc,FALSE,1,NA,2017-10-15 23:14:10,FALSE,NA,919702973176889344,NA,<a href="https://mobile.twitter.com" rel="nofollow">Twitter Lite</a>,rainbowcapucine,0,FALSE,FALSE,NA,NA
#balancetonporc ok, mais apr√®s ? #Weinstein https://t.co/z0DR8Z0UZx,FALSE,13,NA,2017-10-15 23:13:57,FALSE,NA,919702918009425925,NA,<a href="http://twitter.com" rel="nofollow">Twitter Web Client</a>,Antigone_75020,9,FALSE,FALSE,NA,NA
Le hashtag #balancetonporc ... ce que je lis est ouf.,FALSE,1,NA,2017-10-15 23:13:39,FALSE,NA,919702842356719616,NA,<a href="http://twitter.com/download/android" rel="nofollow">Twitter for Android</a>,Ms_AIG,1,FALSE,FALSE,NA,NA
Rapha√´l Enthoven se la joue ti√©quar en d√©non√ßant les "balances". Ceci est un hashtag, monsieur le dico de la zone. #balancetonporc,FALSE,1,realMathildeD,2017-10-15 23:13:36,FALSE,919700217401888771,919702829996171264,740331732,<a href="http://twitter.com" rel="nofollow">Twitter Web Client</a>,realMathildeD,0,FALSE,FALSE,NA,NA
Bruxelles l‚Äô√©t√©, ne pas pouvoir aller au magasin au coin de la rue sans recevoir plusieurs ¬´¬†tu suces¬†¬ª, ¬´¬†salope¬†¬ª etc. #balancetonporc,FALSE,2,NA,2017-10-15 23:13:14,FALSE,NA,919702738878918656,NA,<a href="http://twitter.com/download/iphone" rel="nofollow">Twitter for iPhone</a>,micawberist,0,FALSE,FALSE,NA,NA
#balancetonporc
toutes celle qui veulent en parler
je vous recoit en consultation dans mon lit de 9h a 20h,FALSE,0,NA,2017-10-15 23:13:07,FALSE,NA,919702708814311424,NA,<a href="http://twitter.com/download/android" rel="nofollow">Twitter for Android</a>,hamzadu94190,1,FALSE,FALSE,NA,NA
1- J‚Äôavais 18 ans,il en avait 30 ans. Dans le cadre du boulot c‚Äô√©tait un coll√®gue et que c√¥toyais tous les jours. #balancetonporc,FALSE,0,NA,2017-10-15 23:12:39,FALSE,NA,919702588882345984,NA,<a href="http://twitter.com/download/iphone" rel="nofollow">Twitter for iPhone</a>,encredemesmots,0,FALSE,FALSE,NA,NA
Quand un coll√®gue te dit, devant les √©l√®ves, que ton jeans te fais des fesses rebindies. #balancetonporc,FALSE,2,NA,2017-10-15 23:12:37,FALSE,NA,919702580225368064,NA,<a href="http://twitter.com/download/android" rel="nofollow">Twitter for Android</a>,JulFrNY,0,FALSE,FALSE,NA,NA
Le mec de l'√©picerie d'√† c√¥t√© qui se jette sur moi dans ma rue de Paris XV et flippe quand je le reconnais (j'ai 16 ans) #balancetonporc,FALSE,1,NA,2017-10-15 23:12:35,FALSE,NA,919702573078032385,NA,<a href="https://mobile.twitter.com" rel="nofollow">Twitter Lite</a>,rainbowcapucine,0,FALSE,FALSE,NA,NA
#balancetonporc @sciencespo poitiers a camoufl√© un viol pendant une soir√©e en d√©pla√ßant la victime vers le campus Paris; le mec pas inqui√©t√©,FALSE,0,NA,2017-10-15 23:12:27,FALSE,NA,919702539578339330,NA,<a href="http://twitter.com/download/android" rel="nofollow">Twitter for Android</a>,MystereCosmique,1,FALSE,FALSE,NA,NA
"Je suis s√ªre que tu dois √™tre un bon coup, toi" #Balancetatruie (parce que nous aussi on a notre #balancetonporc ),FALSE,2,NA,2017-10-15 23:12:23,FALSE,NA,919702524025810944,NA,<a href="http://twitter.com" rel="nofollow">Twitter Web Client</a>,m_capello,0,FALSE,FALSE,NA,NA
C'est une mauvaise id√©e de regarder ces t√©moignages apr√®s 01h00, mais c'est la r√©alit√©, je le sais et √ßa me fait peur... #balancetonporc,FALSE,2,NA,2017-10-15 23:11:49,FALSE,NA,919702380966539264,NA,<a href="http://twitter.com/download/iphone" rel="nofollow">Twitter for iPhone</a>,lou_sweetie,0,FALSE,FALSE,NA,NA
Quand je vois les tweets sur #balancetonporc je vois que c'est  vraiment difficile d‚Äô√™tre une femme dans la soci√©t√© actuelle!Ì†ΩÌ∏ê,FALSE,4,NA,2017-10-15 23:11:35,FALSE,NA,919702321206038528,NA,<a href="http://twitter.com/download/android" rel="nofollow">Twitter for Android</a>,LudOrioli,0,FALSE,FALSE,NA,NA
#balancetonporc, c'est aussi qd ton chef d'√©quipe te dit dans la m√™me discussion que tu devrais cacher tes bourrelets parce que personne ne,FALSE,2,NA,2017-10-15 23:11:14,FALSE,NA,919702234132353024,NA,<a href="http://twitter.com" rel="nofollow">Twitter Web Client</a>,LauShrews,0,FALSE,FALSE,NA,NA
mon porc s appelle patrick c et il m a violee a 21 ans #balancetonporc  ex mari,FALSE,2,NA,2017-10-15 23:10:39,FALSE,NA,919702085804969989,NA,<a href="http://twitter.com" rel="nofollow">Twitter Web Client</a>,fandeseriesx100,3,FALSE,FALSE,NA,NA
The latest #connectedtv #transmedia! https://t.co/tQoHZf0FrB Thanks to @capitainemousse @liz_fere @NinArctic #kodi #balancetonporc,FALSE,0,NA,2017-10-15 23:10:34,FALSE,NA,919702065848385538,NA,<a href="http://paper.li" rel="nofollow">Paper.li</a>,benmenson,0,FALSE,FALSE,NA,NA
D√©gout√© et √©c≈ìur√© d'√™tre un homme et de me savoir dans la m√™me cat√©gorie '' sexe masculin '' avec ces porcs 

#balancetonporc,FALSE,4,NA,2017-10-15 23:10:25,FALSE,NA,919702030159175680,NA,<a href="http://twitter.com/download/android" rel="nofollow">Twitter for Android</a>,TinkoCzar,1,FALSE,FALSE,NA,NA
Quand ton bosse te r√©p√®te que vous les noirEs, avez de belles courbes... Surtout derri√®re. Ì†ΩÌ∏í #balancetonporc,FALSE,2,NA,2017-10-15 23:10:15,FALSE,NA,919701986647343105,NA,<a href="http://twitter.com/download/android" rel="nofollow">Twitter for Android</a>,JulFrNY,1,FALSE,FALSE,NA,NA
#balancetonporc tout est bon dans le cochon, non sans fa√ßon, je ne balancerais pas mon porc,FALSE,0,NA,2017-10-15 23:09:56,FALSE,NA,919701906842378240,NA,<a href="http://twitter.com" rel="nofollow">Twitter Web Client</a>,Sebjamme,0,FALSE,FALSE,NA,NA
#BalanceTonPorc √Ä ce rythme...les compliments aux femmes seront interdits !,FALSE,1,NA,2017-10-15 23:09:25,FALSE,NA,919701775342559232,NA,<a href="http://twitter.com/download/android" rel="nofollow">Twitter for Android</a>,bleenday,0,FALSE,FALSE,NA,NA
#balancetonporc il y a 9 mois, je me suis conduit comme un porc avec ma femme..mais elle √©tait consentante !‚Ä¶ https://t.co/tpKV3E6y8Y,FALSE,0,NA,2017-10-15 23:09:06,TRUE,NA,919701695579475968,NA,<a href="http://twitter.com/download/iphone" rel="nofollow">Twitter for iPhone</a>,abasedepopope,0,FALSE,FALSE,NA,NA
√áa suce des kilom√®tres de bite pour √©voluer et √ßa se plaint apr√®s ...  #balancetonporc,FALSE,0,NA,2017-10-15 23:08:49,FALSE,NA,919701624699936773,NA,<a href="http://twitter.com/download/iphone" rel="nofollow">Twitter for iPhone</a>,ZizouFekir,0,FALSE,FALSE,NA,NA
Le d√©ni, la d√©n√©gation plut√¥t, et un grand courage : cette personne a cr√©√© un compte pour √©crire UN tweet‚Ä¶ https://t.co/FG6syWQr9o,FALSE,5,NA,2017-10-15 23:08:48,TRUE,NA,919701622950977536,NA,<a href="http://twitter.com/download/iphone" rel="nofollow">Twitter for iPhone</a>,bbejean,2,FALSE,FALSE,NA,NA
@Effin_Stardust @PtdArcole tout √† fait, tout √ßa aussi doit figurer dans #balancetonporc, et c'est plus fr√©quent qu'on le croie,FALSE,0,Effin_Stardust,2017-10-15 23:08:13,FALSE,919632361213579264,919701473067524097,822176359510343682,<a href="https://mobile.twitter.com" rel="nofollow">Twitter Lite</a>,loevaa1,0,FALSE,FALSE,NA,NA
Des t√©moignages d‚Äôharc√®lement sexuel affluent avec #BalanceTonPorc https://t.co/vfSYKYrtpu,FALSE,0,NA,2017-10-15 23:08:02,FALSE,NA,919701429178241024,NA,<a href="http://www.intellinews.org" rel="nofollow">INTELLINEWS2</a>,jeepeg,0,FALSE,FALSE,NA,NA
Quand le prof de gym te tient par l'entre jambe pour soit disant t'aider.Tu fais expr√®s de tomber et cogner SON entre jambe.#balancetonporc,FALSE,2,NA,2017-10-15 23:07:56,FALSE,NA,919701404041863169,NA,<a href="http://twitter.com/download/android" rel="nofollow">Twitter for Android</a>,JulFrNY,0,FALSE,FALSE,NA,NA
Et ce patron qui non content d'encourager la pratique, te faisait remarquer que t'√©tais pas assez avenante.... #balancetonporc,FALSE,1,NA,2017-10-15 23:07:25,FALSE,NA,919701273049534464,NA,<a href="http://twitter.com/download/android" rel="nofollow">Twitter for Android</a>,dixvinsens,0,FALSE,FALSE,NA,NA
#Balancetonporc mr ex √©tait violent sur moi devant son fils et qui dit que je suis responsable des tocs du petit...,FALSE,1,NA,2017-10-15 23:07:02,FALSE,NA,919701178577022976,NA,<a href="http://twitter.com" rel="nofollow">Twitter Web Client</a>,stephsperanza,0,FALSE,FALSE,NA,NA
#balancetonporc Celui qui m'a menti pour m'entra√Æner dans un pi√®ge : drogu√©e et viol√©e pendant des heures par ceux qui ont voulu #Espana,FALSE,1,NA,2017-10-15 23:07:00,FALSE,NA,919701166715490305,NA,<a href="https://mobile.twitter.com" rel="nofollow">Twitter Lite</a>,LesecretEnditlo,1,FALSE,FALSE,NA,NA
#BalanceTonPorc Au fait, quelle est la proportion de nanas qui ne se servent pas de leur physique pour avancer  ?,FALSE,0,NA,2017-10-15 23:06:58,FALSE,NA,919701158863757312,NA,<a href="http://twitter.com/download/android" rel="nofollow">Twitter for Android</a>,bleenday,0,FALSE,FALSE,NA,NA
@Limportant_fr #balancetonporc en a besoin,FALSE,0,Limportant_fr,2017-10-15 23:06:40,FALSE,919695639734312960,919701082837798912,1271852322,<a href="http://twitter.com" rel="nofollow">Twitter Web Client</a>,gillesbb,0,FALSE,FALSE,NA,NA
#Balancetonporc¬†: la parole se lib√®re sur Twitter https://t.co/Vjwajushi7 #techno,FALSE,0,NA,2017-10-15 23:06:28,FALSE,NA,919701034720792576,NA,<a href="https://ifttt.com" rel="nofollow">IFTTT</a>,ActuTechnologie,0,FALSE,FALSE,NA,NA
A mon nouveau job, je ne plaisais pas o coll√®gues filles pour rester le chef m‚Äôa propos√© de le s***r!#balancetonporc #vir√© #Habilecenergie,FALSE,3,NA,2017-10-15 23:06:18,FALSE,NA,919700990584066048,NA,<a href="http://twitter.com/download/iphone" rel="nofollow">Twitter for iPhone</a>,MinettePrincess,1,FALSE,FALSE,NA,NA
C'est important pour elles d'en parler et de se lib√©r√© de leurs souffrance, soyez humble, les hommes droit savent se tenir. #balancetonporc,FALSE,3,ViToPosey,2017-10-15 23:06:10,FALSE,919700529525207040,919700957713326080,1305595849,<a href="http://twitter.com" rel="nofollow">Twitter Web Client</a>,ViToPosey,0,FALSE,FALSE,NA,NA
